epoch,acc,learning_rate,loss,val_acc,val_loss
0,0.6872009038925171,0.0010000000474974513,1.2400847673416138,0.8259099125862122,1.2197139263153076
1,0.7808777093887329,0.0010000000474974513,1.0506362915039062,0.8648511171340942,1.134636640548706
2,0.7986457347869873,0.0010000000474974513,1.0130252838134766,0.8694324493408203,1.1138743162155151
3,0.807402491569519,0.0010000000474974513,0.9932727217674255,0.8707050085067749,1.1178861856460571
4,0.8118317723274231,0.0010000000474974513,0.9852780699729919,0.8755408525466919,1.0947903394699097
5,0.8179411292076111,0.0010000000474974513,0.9734933972358704,0.880122184753418,1.0909730195999146
6,0.8180429935455322,0.0010000000474974513,0.9745880961418152,0.8844489455223083,1.0742875337600708
7,0.8221158981323242,0.0010000000474974513,0.9745816588401794,0.8892847895622253,1.076313853263855
8,0.8260360360145569,0.0010000000474974513,0.9653674960136414,0.8813947439193726,1.081364393234253
9,0.8250687122344971,0.0010000000474974513,0.9714813232421875,0.8819037675857544,1.0925073623657227
10,0.8372365236282349,0.0005000000237487257,0.9412592053413391,0.8913209438323975,1.050374150276184
11,0.834894597530365,0.0005000000237487257,0.928031861782074,0.8948841691017151,1.0211191177368164
12,0.839323878288269,0.0005000000237487257,0.9179970026016235,0.9002290368080139,1.014280915260315
13,0.8388147950172424,0.0005000000237487257,0.9148073792457581,0.8897938132286072,1.0310710668563843
14,0.8385093212127686,0.0005000000237487257,0.9096174240112305,0.9043013453483582,1.0073254108428955
15,0.8441604971885681,0.0005000000237487257,0.8956244587898254,0.9007381200790405,0.9988058805465698
16,0.8460441827774048,0.0005000000237487257,0.8873130083084106,0.8981929421424866,1.011101484298706
17,0.8449241518974304,0.0005000000237487257,0.8901991248130798,0.9007381200790405,1.0033354759216309
18,0.8447204828262329,0.0005000000237487257,0.8910207748413086,0.9020106792449951,0.9985237121582031
19,0.8451787233352661,0.0005000000237487257,0.8843740224838257,0.9035378098487854,0.9940921068191528
